review_id,source,location,rating,text,stop_name,stop_key,stop_ids,matched_alias,lat,lon
3,facebook,https://www.facebook.com/ctpiasi?locale=ro_RO,,"Vreau să vorbesc puțin despre transportul public. Tramvaiele sunt extrem de murdare pe exterior, mai ales cele noi. Viteza lor este mult prea mică pe multe porțiuni, iar problema s-ar putea rezolva ușor prin crearea de benzi unice în majoritatea zonelor (primăria nici măcar pe cele existente nu reușește să le întrețină - lipsesc mulți stâlpișori, iar pe unele segmente, cum e la Țesătura, au dispărut complet). De exemplu în Tătărași, pe Canta sau în Copou. Stațiile sunt mult prea înguste, un exemplu clar fiind cea din Podu Roș (pentru care primăria a primit amendă). Chiar e atât de greu să elimini o bandă de circulație?! Asfaltul de lângă șine este, în multe locuri, crăpat, cârpit, denivelat și vălurit - se vede clar pe Bd. Alex. cel Bun, inclusiv pe Street View. Primăria are doar 5 autobuze articulate pentru un oraș cu 500.000 de locuitori, incluzând suburbiile. Doar 5 autobuze! Restul achizițiilor sunt de 10 și 12 metri, prea mici chiar și pentru orașe mai mici decât Iașul. Înțeleg că posibil ca proiectele să nu fi permis cumpărarea acestui tip de autobuz, dar cum alte orașe au reușit într-un fel sau altul, s-ar putea și la noi! Ar fi nevoie de mai multe linii de tramvai și să introducem (din nou) troleibuze de 18 metri pentru Bucium, și alte zone. În plus, multe aparate din tramvaie, pentru care s-au cheltuit sute de mii de lei, nu funcționează: fie nu merge ecranul, fie capacul e deschis, și așa mai departe. Tarifele CTP Iași (cel puțin în zona metropolitană) mi se par exagerate! În loc să fie încurajată utilizarea transportului public prin reducerea prețurilor, acestea cresc. Elevii și pensionarii au deja gratuitate, deci cât de greu ar fi să se aplice o reducere, 2,50 lei sau 0,50 € ar fi un preț rezonabil, mai ales că echipamentele necesare există deja, și nu doar pentru Zona 1, ci și pentru restul! În Chișinău este 1,50 RON (6 MDL) pentru tot orașul, inclusiv suburbiile! Deci se poate!",Bucium,bucium,"111,112",bucium,47.116692535,27.63202595
3,facebook,https://www.facebook.com/ctpiasi?locale=ro_RO,,"Vreau să vorbesc puțin despre transportul public. Tramvaiele sunt extrem de murdare pe exterior, mai ales cele noi. Viteza lor este mult prea mică pe multe porțiuni, iar problema s-ar putea rezolva ușor prin crearea de benzi unice în majoritatea zonelor (primăria nici măcar pe cele existente nu reușește să le întrețină - lipsesc mulți stâlpișori, iar pe unele segmente, cum e la Țesătura, au dispărut complet). De exemplu în Tătărași, pe Canta sau în Copou. Stațiile sunt mult prea înguste, un exemplu clar fiind cea din Podu Roș (pentru care primăria a primit amendă). Chiar e atât de greu să elimini o bandă de circulație?! Asfaltul de lângă șine este, în multe locuri, crăpat, cârpit, denivelat și vălurit - se vede clar pe Bd. Alex. cel Bun, inclusiv pe Street View. Primăria are doar 5 autobuze articulate pentru un oraș cu 500.000 de locuitori, incluzând suburbiile. Doar 5 autobuze! Restul achizițiilor sunt de 10 și 12 metri, prea mici chiar și pentru orașe mai mici decât Iașul. Înțeleg că posibil ca proiectele să nu fi permis cumpărarea acestui tip de autobuz, dar cum alte orașe au reușit într-un fel sau altul, s-ar putea și la noi! Ar fi nevoie de mai multe linii de tramvai și să introducem (din nou) troleibuze de 18 metri pentru Bucium, și alte zone. În plus, multe aparate din tramvaie, pentru care s-au cheltuit sute de mii de lei, nu funcționează: fie nu merge ecranul, fie capacul e deschis, și așa mai departe. Tarifele CTP Iași (cel puțin în zona metropolitană) mi se par exagerate! În loc să fie încurajată utilizarea transportului public prin reducerea prețurilor, acestea cresc. Elevii și pensionarii au deja gratuitate, deci cât de greu ar fi să se aplice o reducere, 2,50 lei sau 0,50 € ar fi un preț rezonabil, mai ales că echipamentele necesare există deja, și nu doar pentru Zona 1, ci și pentru restul! În Chișinău este 1,50 RON (6 MDL) pentru tot orașul, inclusiv suburbiile! Deci se poate!",Canta,canta,"94,129,324,325",canta,47.17241716,27.53722459
3,facebook,https://www.facebook.com/ctpiasi?locale=ro_RO,,"Vreau să vorbesc puțin despre transportul public. Tramvaiele sunt extrem de murdare pe exterior, mai ales cele noi. Viteza lor este mult prea mică pe multe porțiuni, iar problema s-ar putea rezolva ușor prin crearea de benzi unice în majoritatea zonelor (primăria nici măcar pe cele existente nu reușește să le întrețină - lipsesc mulți stâlpișori, iar pe unele segmente, cum e la Țesătura, au dispărut complet). De exemplu în Tătărași, pe Canta sau în Copou. Stațiile sunt mult prea înguste, un exemplu clar fiind cea din Podu Roș (pentru care primăria a primit amendă). Chiar e atât de greu să elimini o bandă de circulație?! Asfaltul de lângă șine este, în multe locuri, crăpat, cârpit, denivelat și vălurit - se vede clar pe Bd. Alex. cel Bun, inclusiv pe Street View. Primăria are doar 5 autobuze articulate pentru un oraș cu 500.000 de locuitori, incluzând suburbiile. Doar 5 autobuze! Restul achizițiilor sunt de 10 și 12 metri, prea mici chiar și pentru orașe mai mici decât Iașul. Înțeleg că posibil ca proiectele să nu fi permis cumpărarea acestui tip de autobuz, dar cum alte orașe au reușit într-un fel sau altul, s-ar putea și la noi! Ar fi nevoie de mai multe linii de tramvai și să introducem (din nou) troleibuze de 18 metri pentru Bucium, și alte zone. În plus, multe aparate din tramvaie, pentru care s-au cheltuit sute de mii de lei, nu funcționează: fie nu merge ecranul, fie capacul e deschis, și așa mai departe. Tarifele CTP Iași (cel puțin în zona metropolitană) mi se par exagerate! În loc să fie încurajată utilizarea transportului public prin reducerea prețurilor, acestea cresc. Elevii și pensionarii au deja gratuitate, deci cât de greu ar fi să se aplice o reducere, 2,50 lei sau 0,50 € ar fi un preț rezonabil, mai ales că echipamentele necesare există deja, și nu doar pentru Zona 1, ci și pentru restul! În Chișinău este 1,50 RON (6 MDL) pentru tot orașul, inclusiv suburbiile! Deci se poate!",Copou,copou,"1,35,333",copou,47.190590990000004,27.558920473333334
3,facebook,https://www.facebook.com/ctpiasi?locale=ro_RO,,"Vreau să vorbesc puțin despre transportul public. Tramvaiele sunt extrem de murdare pe exterior, mai ales cele noi. Viteza lor este mult prea mică pe multe porțiuni, iar problema s-ar putea rezolva ușor prin crearea de benzi unice în majoritatea zonelor (primăria nici măcar pe cele existente nu reușește să le întrețină - lipsesc mulți stâlpișori, iar pe unele segmente, cum e la Țesătura, au dispărut complet). De exemplu în Tătărași, pe Canta sau în Copou. Stațiile sunt mult prea înguste, un exemplu clar fiind cea din Podu Roș (pentru care primăria a primit amendă). Chiar e atât de greu să elimini o bandă de circulație?! Asfaltul de lângă șine este, în multe locuri, crăpat, cârpit, denivelat și vălurit - se vede clar pe Bd. Alex. cel Bun, inclusiv pe Street View. Primăria are doar 5 autobuze articulate pentru un oraș cu 500.000 de locuitori, incluzând suburbiile. Doar 5 autobuze! Restul achizițiilor sunt de 10 și 12 metri, prea mici chiar și pentru orașe mai mici decât Iașul. Înțeleg că posibil ca proiectele să nu fi permis cumpărarea acestui tip de autobuz, dar cum alte orașe au reușit într-un fel sau altul, s-ar putea și la noi! Ar fi nevoie de mai multe linii de tramvai și să introducem (din nou) troleibuze de 18 metri pentru Bucium, și alte zone. În plus, multe aparate din tramvaie, pentru care s-au cheltuit sute de mii de lei, nu funcționează: fie nu merge ecranul, fie capacul e deschis, și așa mai departe. Tarifele CTP Iași (cel puțin în zona metropolitană) mi se par exagerate! În loc să fie încurajată utilizarea transportului public prin reducerea prețurilor, acestea cresc. Elevii și pensionarii au deja gratuitate, deci cât de greu ar fi să se aplice o reducere, 2,50 lei sau 0,50 € ar fi un preț rezonabil, mai ales că echipamentele necesare există deja, și nu doar pentru Zona 1, ci și pentru restul! În Chișinău este 1,50 RON (6 MDL) pentru tot orașul, inclusiv suburbiile! Deci se poate!",Podu Roș,podu ros,"23,132,134,149,185,186,300,328,733,784",podu ros,47.150660974,27.587487726
3,facebook,https://www.facebook.com/ctpiasi?locale=ro_RO,,"Vreau să vorbesc puțin despre transportul public. Tramvaiele sunt extrem de murdare pe exterior, mai ales cele noi. Viteza lor este mult prea mică pe multe porțiuni, iar problema s-ar putea rezolva ușor prin crearea de benzi unice în majoritatea zonelor (primăria nici măcar pe cele existente nu reușește să le întrețină - lipsesc mulți stâlpișori, iar pe unele segmente, cum e la Țesătura, au dispărut complet). De exemplu în Tătărași, pe Canta sau în Copou. Stațiile sunt mult prea înguste, un exemplu clar fiind cea din Podu Roș (pentru care primăria a primit amendă). Chiar e atât de greu să elimini o bandă de circulație?! Asfaltul de lângă șine este, în multe locuri, crăpat, cârpit, denivelat și vălurit - se vede clar pe Bd. Alex. cel Bun, inclusiv pe Street View. Primăria are doar 5 autobuze articulate pentru un oraș cu 500.000 de locuitori, incluzând suburbiile. Doar 5 autobuze! Restul achizițiilor sunt de 10 și 12 metri, prea mici chiar și pentru orașe mai mici decât Iașul. Înțeleg că posibil ca proiectele să nu fi permis cumpărarea acestui tip de autobuz, dar cum alte orașe au reușit într-un fel sau altul, s-ar putea și la noi! Ar fi nevoie de mai multe linii de tramvai și să introducem (din nou) troleibuze de 18 metri pentru Bucium, și alte zone. În plus, multe aparate din tramvaie, pentru care s-au cheltuit sute de mii de lei, nu funcționează: fie nu merge ecranul, fie capacul e deschis, și așa mai departe. Tarifele CTP Iași (cel puțin în zona metropolitană) mi se par exagerate! În loc să fie încurajată utilizarea transportului public prin reducerea prețurilor, acestea cresc. Elevii și pensionarii au deja gratuitate, deci cât de greu ar fi să se aplice o reducere, 2,50 lei sau 0,50 € ar fi un preț rezonabil, mai ales că echipamentele necesare există deja, și nu doar pentru Zona 1, ci și pentru restul! În Chișinău este 1,50 RON (6 MDL) pentru tot orașul, inclusiv suburbiile! Deci se poate!",Țesătura,tesatura,"61,210,315,316,317,318",tesatura,47.149491705,27.595368838333332
4,facebook,https://www.facebook.com/ctpiasi?locale=ro_RO,,"Sincer,sa ma ..... pe transportul vostru în comun,stau de 30 minute în stație la Minerva și aștept un 28 și nu vine,recomand orice altceva dar nu CTP,rusine sa va fie,și nu e prima oara ......",Minerva,minerva,"169,177,398",minerva,47.16326910666667,27.56448985333333
14,facebook,https://www.facebook.com/ctpiasi?locale=ro_RO,,"Nerespectarea orarului de circulație.  În data de 29.06.2025, autobuzul de pe traseul 902 cu plecare la ora 16.45 din Canta nu a circulat Eram 5 persoane care aveam  bilete de 9 lei cumpărate.",Canta,canta,"94,129,324,325",canta,47.17241716,27.53722459
25,facebook,https://www.facebook.com/ctpiasi?locale=ro_RO,,"Tramvaie insuficiente pe ruta lui 5 sau 11!  Nu e normal sa ai mai mult de 20 de minute de când aștepți, clepsidra de pe indicatorul electric nu arata de 20 de minute nici un timp. Scumpiti biletele dar nu oferiți nimic. Nici măcar un transport decent pe anumite rute. Nu toți iesenii locuiesc în Copou!",Copou,copou,"1,35,333",copou,47.190590990000004,27.558920473333334
26,facebook,https://www.facebook.com/ctpiasi?locale=ro_RO,,"Lipsa crasa de respect pentru calatori! Daca suni la ei sa le aduci in vedere faptul ca stai de 30 minute in frig pentru un nenorocit de autobuz,esti luat la misto de catre o duduie care parca e pe droguri cand vorbeste cu tine.Dispret maxim,tot va laudati cu achizitiile facute insa zac defecte in depou/graj..Cea mai praf companie de transport din tara...si stiu sigur ca nimic nu are sa se schimbe vreodata.Si inca ceva...ati scumpit biletul...oare sa mai intreb de ce?",Depou D,depou d,482,depou,47.17102,27.53593
26,facebook,https://www.facebook.com/ctpiasi?locale=ro_RO,,"Lipsa crasa de respect pentru calatori! Daca suni la ei sa le aduci in vedere faptul ca stai de 30 minute in frig pentru un nenorocit de autobuz,esti luat la misto de catre o duduie care parca e pe droguri cand vorbeste cu tine.Dispret maxim,tot va laudati cu achizitiile facute insa zac defecte in depou/graj..Cea mai praf companie de transport din tara...si stiu sigur ca nimic nu are sa se schimbe vreodata.Si inca ceva...ati scumpit biletul...oare sa mai intreb de ce?",Depou G,depou g,483,depou,47.16406,27.57268
40,facebook,https://www.facebook.com/ctpiasi?locale=ro_RO,,dar am o nelămurire  cu pensionar din Iași nu mai pot circula cu autobuz 29 pina la blocuri Tomesti?,Blocuri Tomești,blocuri tomesti,"274,277",blocuri tomesti,47.132294970000004,27.69201046
41,facebook,https://www.facebook.com/ctpiasi?locale=ro_RO,,"compania de transport in comun incurajeaza oamenii sa sufoce orasul de vechituri de masini personale, in loc sa propuna un transport in comun eficient si punctual! adica autobuz la 10min (15 max). in momentul de fata este o bataie de joc odioasa pe banii consumatorului. statii pline de oameni la orice ora care asteapta autobuze care vin la 30-45 minute. noaptea,tabelele nu sunt sincronizare si arata gresit ca vin autobuzele, cand de fapt ele trec goale si se retrag in depou, mai devreme decat orele stabilite pe site ( dupa cum e cheful soferului, daca a fost lunga cafeluta bauta juma de ora in capat) etc..",Depou D,depou d,482,depou,47.17102,27.53593
41,facebook,https://www.facebook.com/ctpiasi?locale=ro_RO,,"compania de transport in comun incurajeaza oamenii sa sufoce orasul de vechituri de masini personale, in loc sa propuna un transport in comun eficient si punctual! adica autobuz la 10min (15 max). in momentul de fata este o bataie de joc odioasa pe banii consumatorului. statii pline de oameni la orice ora care asteapta autobuze care vin la 30-45 minute. noaptea,tabelele nu sunt sincronizare si arata gresit ca vin autobuzele, cand de fapt ele trec goale si se retrag in depou, mai devreme decat orele stabilite pe site ( dupa cum e cheful soferului, daca a fost lunga cafeluta bauta juma de ora in capat) etc..",Depou G,depou g,483,depou,47.16406,27.57268
43,facebook,https://www.facebook.com/ctpiasi?locale=ro_RO,,Doamna de la bilete din rond Copou e foarte recalcitranta. Are grav nevoie de calmante. Trebuie sa fie puțin mai calma. Cu tot respectul doamna aveți nevoie de un concediu . O zi minunata și plină de bucurie va doresc,Copou,copou,"1,35,333",copou,47.190590990000004,27.558920473333334
45,facebook,https://www.facebook.com/ctpiasi?locale=ro_RO,,"Jalnic... am 40 de minute de când stau in statie sa aștept un autobuz 44 ( din baza nautica ) trec foarte rar, pe aplicația lor de urmărire nu se potrivesc numerele autobuzelor . De exemplu mie îmi arată că vine un 27 și defapt era un 41.😡",Baza Nautică,baza nautica,"216,227",baza nautica,47.114103955000004,27.561025620000002
51,facebook,https://www.facebook.com/ctpiasi?locale=ro_RO,,"In capat Dacia, vatmanii stau la cafele si lumea asteapta un tramvai 11 sau 5 mai bine de 20 de minute!!!",Dacia,dacia,"173,174,373,378",dacia,47.16890868,27.54085445
55,facebook,https://www.facebook.com/ctpiasi?locale=ro_RO,,"Intarzieri de 50 de minute la autobuzele din zona Rond Canta! Aici vin si pleaca efectiv cum bate vantul, dar numai ei stiu programul, iar pe deasupra se simt ofensati cand intrebi daca mai vine ceva.",Canta,canta,"94,129,324,325",canta,47.17241716,27.53722459
60,facebook,https://www.facebook.com/ctpiasi?locale=ro_RO,,"Am pățit de doua ori să mi se composteze   alte  ore față de cele care erau . Am urcat la gara într.un 36. în jurul orei 19 .5 și  am coborât în  Piața Unirii, imediat am urcat într-un tramvai spre Tătărași  au urcat doua doamne controlor  și când am arătat  biletul (cu încredere că este corectă ora) am avut marea surpriza să să văd că era compostat cu ora 17.5.. Am luat amendă...😠😤.
A doua zi urc într.un 20 ,cred..din Tătărași către Independenței și îmi compostează cu jumătate de oră în urmă. Nu e normal așa  ceva. 
Trimit  un mesaj firmei și mi se răspunde  ca nu se poate verifica și doamnele de la control au procedat  corect.😒🙄🙄🤯",Gară,gara,"87,99,124,207,423,424,440",gara,47.16611053142857,27.570625174285713
60,facebook,https://www.facebook.com/ctpiasi?locale=ro_RO,,"Am pățit de doua ori să mi se composteze   alte  ore față de cele care erau . Am urcat la gara într.un 36. în jurul orei 19 .5 și  am coborât în  Piața Unirii, imediat am urcat într-un tramvai spre Tătărași  au urcat doua doamne controlor  și când am arătat  biletul (cu încredere că este corectă ora) am avut marea surpriza să să văd că era compostat cu ora 17.5.. Am luat amendă...😠😤.
A doua zi urc într.un 20 ,cred..din Tătărași către Independenței și îmi compostează cu jumătate de oră în urmă. Nu e normal așa  ceva. 
Trimit  un mesaj firmei și mi se răspunde  ca nu se poate verifica și doamnele de la control au procedat  corect.😒🙄🙄🤯",Piața Unirii,piata unirii,"7,29",piata unirii,47.165534,27.580772500000002
61,facebook,https://www.facebook.com/ctpiasi?locale=ro_RO,,Încă 2 minute și aștept tramvaiul 7 în Baza 3 de 40 minute. Felicitări!!!!,Baza 3,baza 3,"20,189,307,308,309,310",baza 3,47.14674305333333,27.60980089
67,facebook,https://www.facebook.com/ctpiasi?locale=ro_RO,,"Nesimtirea soferilor este nemarginita, stai in statie cu usa inchisa si vezi alergand un elev la 06:05 dimineata si nu deschizi usa ...elevul respectiv trebuia sa ajunga in Breazu pana la 07:30 plecand de la blocuri Cetatuia ...lipsa totala de umanitate ! Foarte urat din partea dumneavostra domnilor, faceti greve ca vreti salarii mari dar sincer nu toti le meritati!",Blocuri Cetățuia,blocuri cetatuia,"53,56",blocuri cetatuia,47.135460745,27.586631105000002
67,facebook,https://www.facebook.com/ctpiasi?locale=ro_RO,,"Nesimtirea soferilor este nemarginita, stai in statie cu usa inchisa si vezi alergand un elev la 06:05 dimineata si nu deschizi usa ...elevul respectiv trebuia sa ajunga in Breazu pana la 07:30 plecand de la blocuri Cetatuia ...lipsa totala de umanitate ! Foarte urat din partea dumneavostra domnilor, faceti greve ca vreti salarii mari dar sincer nu toti le meritati!",Breazu,breazu,"243,254",breazu,47.209562675,27.53156997
68,facebook,https://www.facebook.com/ctpiasi?locale=ro_RO,,"Sunteți mizerabili,sunteți o rușine pentru orașul Iași, cum e posibil sa stai în stație(stație Flora), 25 minute, la ora 7 dimineața, la - 15 grade sa vina un amarat de tramvai care și ala plin de oameni! Sunteți încă o data MIZERABILI!",Flora,flora,"14,81,336,337",flora,47.158988935,27.619720915000002
92,facebook,https://www.facebook.com/ctpiasi?locale=ro_RO,,"Deplorabil... Cel mai prost serviciu de transport public. S-a redus numarul de autobuze? Autobuze care vin din 30 in 30 de minute pe orice ruta si supra mega aglomerate. Peste masura sa mergi din Tomesti in Pacurari ai nevoie de 2 h.
Nu luati masuri? Nu face nimeni nimic spre a fi mai bine, eventual reduceti numarul de autobuze ca nu aveti buget.",Pacurari,pacurari,"36,73",pacurari,47.17300169,27.53369472
92,facebook,https://www.facebook.com/ctpiasi?locale=ro_RO,,"Deplorabil... Cel mai prost serviciu de transport public. S-a redus numarul de autobuze? Autobuze care vin din 30 in 30 de minute pe orice ruta si supra mega aglomerate. Peste masura sa mergi din Tomesti in Pacurari ai nevoie de 2 h.
Nu luati masuri? Nu face nimeni nimic spre a fi mai bine, eventual reduceti numarul de autobuze ca nu aveti buget.",Tomești,tomesti,"275,276",tomesti,47.130687159999994,27.698189040000003
93,facebook,https://www.facebook.com/ctpiasi?locale=ro_RO,,Timp de așteptare pentru un autobuz spre independentei 25 minute?!? Dar trec doua spre canta unul după celălalt. Șoferii nu poarta masca și nu respecta calatorii!!,Canta,canta,"94,129,324,325",canta,47.17241716,27.53722459
97,facebook,https://www.facebook.com/ctpiasi?locale=ro_RO,,Dar cu autobuzele ce facem?! Acum 3 zile am stat in statie Bahlui spre Dacia  55 minute așteptând autobuzul 5 la ora 16°°..am sunat și am făcut reclamație și nici un răspuns concret..a spus că sunt 5 autobuze pe traseul 5.....e normal așa ceva....și seara la ora 21 la fel stam.in statie până la și 21-25...😡😡,Dacia,dacia,"173,174,373,378",dacia,47.16890868,27.54085445
100,facebook,https://www.facebook.com/ctpiasi?locale=ro_RO,,"Buna seara. Astazi, 15.08.2020, in jurul orei 23.00, am ajuns la Capat Dancu, in statia de tramvai, mergând cu cursa speciala ce merge înspre Dancu.. Eram impreuna cu sora mea si cu logodnica mea, ajungem in statie, moment in care le las pe ele doua sa coboare, iar in clipa in care dau si eu sa cobor, mi se inchide usa in fata, imi retrag repede piciorul incat sa nu-mi fie prins intre cele doua usi, iar autobuzul incepe usor a merge, pleca.. In acel moment am tot încercat sa apăs pe fiece buton încât sa mi se poata deschide usa si sa cobor... Usa nu s-a deschis iar autobuzul a pornit.. Incep sa-l strig pe soferul in cauza, sa-l rog sa-mi deschida usa, moment in care el mi-a raspuns cu nonșalanță, initial, sa ma îndrept spre ieșirea din mijloc, eu fiind in partea din spate a masini.. Ma îndrept repede spre ieșirea din mijloc iar acesta tot nu-mi deschide usa.. Incerc iarasi sa insist, ca mai apoi, speriat fiind si totodata indignat, nervos, pe situația in cauza, am ridicat vocea incat sa ma auda soferul si l-am rugat din nou sa oprească mijlocul de transport... Acesta imi raspunde cu "" nu se coboară aici! "" , fapt ce m-a deranjat si mai tare si i-am spus acestuia ca am vrut, dat, sa cobor in Dancu, dar ca acesta mi-a închis usa in nas, si am insistat din nou, mai tare, ca acesta sa-mi deschisă usa... Intr-un final ma lasa la o oarecare distanta si imi transmite sa "" cobor d******i mai repede.. 
Nu mi se pare normal sa se întâmple astfel de situații in cadrul unei firme de transport public ce ar trebui, teoretic, sa ofere călătorilor ideea de siguranta, cat si călătoria intr-un mediu decent, si totodata nu este deloc ok faptul ca am ajuns sa fiu jignit, fara moriv, de acest individ, mai ales avand in vedere cati bani investeste fiece persoana in aceasta firma, lunar, incat sa poata calatori... 
Aceasta nu este prima situatie de genul peste care am dat in cadrul Ctp-ului, dar garantat o sa fie ultima. 
Din pacate o sa fiu nevoit sa fac o plângere, reclamatie, in urma acestor intamplari pentru ca nu este deloc ok ce s-a intamplat.... Si daca nu se întâmplă nimic, in caz contrar, sunt dispus sa merg mai departe.",Dancu,dancu,"74,374",dancu,47.151855,27.65954
108,facebook,https://www.facebook.com/ctpiasi?locale=ro_RO,,"multumesc domnului vatman care la ora asta tarzie din noapte (22:10) nu s-a sinchisit sa opreasca cateva secunde in statia dr. Savini. era mult prea grabit sa ajunga la depou. degeaba ai masca, degeaba ai manusi, degeaba ai cardul pregatit si degeaba esti inghetat de frig dupa vreo 20 de minute de asteptat. nu-i bai, in restul minutelor cat mai am de asteptat o sa ma sterg de praful care mi s-a pus pe haine, dupa ce a ridicat mare colb, la ce viteza avea. pe timp de criza sunteti mare leguma (varza).",Depou D,depou d,482,depou,47.17102,27.53593
108,facebook,https://www.facebook.com/ctpiasi?locale=ro_RO,,"multumesc domnului vatman care la ora asta tarzie din noapte (22:10) nu s-a sinchisit sa opreasca cateva secunde in statia dr. Savini. era mult prea grabit sa ajunga la depou. degeaba ai masca, degeaba ai manusi, degeaba ai cardul pregatit si degeaba esti inghetat de frig dupa vreo 20 de minute de asteptat. nu-i bai, in restul minutelor cat mai am de asteptat o sa ma sterg de praful care mi s-a pus pe haine, dupa ce a ridicat mare colb, la ce viteza avea. pe timp de criza sunteti mare leguma (varza).",Depou G,depou g,483,depou,47.16406,27.57268
108,facebook,https://www.facebook.com/ctpiasi?locale=ro_RO,,"multumesc domnului vatman care la ora asta tarzie din noapte (22:10) nu s-a sinchisit sa opreasca cateva secunde in statia dr. Savini. era mult prea grabit sa ajunga la depou. degeaba ai masca, degeaba ai manusi, degeaba ai cardul pregatit si degeaba esti inghetat de frig dupa vreo 20 de minute de asteptat. nu-i bai, in restul minutelor cat mai am de asteptat o sa ma sterg de praful care mi s-a pus pe haine, dupa ce a ridicat mare colb, la ce viteza avea. pe timp de criza sunteti mare leguma (varza).",Dr. Savini,dr savini,"13,82,334,335",dr savini,47.159962215,27.613985675000002
109,facebook,https://www.facebook.com/ctpiasi?locale=ro_RO,,"Companie de transport public condusă de incompetenți! Daca atunci când nu era nici o stare de urgență, transportul era gestionat în așa fel încât majoritatea mijloacelor de transport având în mare parte aceleași trasee (ex: tramvaiul 9, autobuzele 28 și 41, plus altele) sa treacă toate în același timp, acum când este situație de urgență și vrea să se asigure transport cadrelor medicale și personalului farmaciilor, s-a stabilit inițial un program care nu coincidea cu cerințele oamenilor. când s-a modificat orarul, s-au anulat unele linii (tramvaiele 1, 7 și 13 de exemplu) care fac legătura între centrul orașului și centrul comercial Felicia, unde avem 3 farmacii! Iar ca și cum nu ar fi fost de ajuns, acum stam in statia Elena Doamna așteptând cursa specială care ar fi trebuit să ne facă conexiunea cu a doua cursa specială, in Țuțora, pentru a ajunge la munca in Felicia, autobuzul nu a oprit!
Sunteți de o incompetență patetică!",Țuțora,tutora,"232,239,370,371",tutora,47.1433901125,27.64362331
110,facebook,https://www.facebook.com/ctpiasi?locale=ro_RO,,Program de criza pana la ora 8 și autobuzele se retrag la garaj de la 7 jum. Va bateti joc de oameni. Soferi care ne iau in ras ca stam in statii. Pic de respect nu aveti pentru cetățeni!!!,Garaj,garaj,"480,481",garaj,47.15224,27.603035
121,facebook,https://www.facebook.com/ctpiasi?locale=ro_RO,,Stau de 30 de min in statia  podul de piatră  și nu a trecut nici un 5. Unde stati nebunilor. Intre  timp trece numai autobuzul 19 de 4 ori pana acum .,Podul de Piatră,podul de piatra,"101,122,130,402,403,429",podul de piatra,47.156646583333334,27.574945775
123,facebook,https://www.facebook.com/ctpiasi?locale=ro_RO,,"Servicii bune, tarife bune, bine gandit sistemul insa exista o mare problema ce ar merita mai multa atentie.
Autobuzul nr. 36, unul dintre cele mai aglomerate si utilizate din Iasi circula foarte greu! De fiecare data autobuzul este plin, mai ales atunci cand coboara Copoul si cand pleaca de la gara iar oamenii sunt nevoiti sa astepte chiar si 2 3 autobuze pentru a reusi sa urce. Eu personal am patit sa pierd trenul de 2 ori desi eram in statie cu o ora mai devreme si sa dureze o ora sa ajung de la gara in Copou datorita acestei probleme. Ar trebui suplimentat numai de cat nr autobuzelor pe acest traseu pentru ca desi sunt mereu pline, circula foarte foarte greu!",Copou,copou,"1,35,333",copou,47.190590990000004,27.558920473333334
123,facebook,https://www.facebook.com/ctpiasi?locale=ro_RO,,"Servicii bune, tarife bune, bine gandit sistemul insa exista o mare problema ce ar merita mai multa atentie.
Autobuzul nr. 36, unul dintre cele mai aglomerate si utilizate din Iasi circula foarte greu! De fiecare data autobuzul este plin, mai ales atunci cand coboara Copoul si cand pleaca de la gara iar oamenii sunt nevoiti sa astepte chiar si 2 3 autobuze pentru a reusi sa urce. Eu personal am patit sa pierd trenul de 2 ori desi eram in statie cu o ora mai devreme si sa dureze o ora sa ajung de la gara in Copou datorita acestei probleme. Ar trebui suplimentat numai de cat nr autobuzelor pe acest traseu pentru ca desi sunt mereu pline, circula foarte foarte greu!",Gară,gara,"87,99,124,207,423,424,440",gara,47.16611053142857,27.570625174285713
127,facebook,https://www.facebook.com/ctpiasi?locale=ro_RO,,"Dacă vrei să iti bați joc de cineva,  il obligi sa circule cu autobuzul 28 la ora 8 dimineața pe ruta Galata - Podu Roș.
Dacă vrei  să îți bați oricum joc de cineva, îl obligi să aștepte un autobuz pe ruta Mircea cel Bătrân- Galata - Gara Internațională  Nicolina ..Podu Roș.",Gară,gara,"87,99,124,207,423,424,440",gara,47.16611053142857,27.570625174285713
127,facebook,https://www.facebook.com/ctpiasi?locale=ro_RO,,"Dacă vrei să iti bați joc de cineva,  il obligi sa circule cu autobuzul 28 la ora 8 dimineața pe ruta Galata - Podu Roș.
Dacă vrei  să îți bați oricum joc de cineva, îl obligi să aștepte un autobuz pe ruta Mircea cel Bătrân- Galata - Gara Internațională  Nicolina ..Podu Roș.",Mircea cel Bătrân,mircea cel batran,"166,180",mircea cel batran,47.1561605,27.570388299999998
127,facebook,https://www.facebook.com/ctpiasi?locale=ro_RO,,"Dacă vrei să iti bați joc de cineva,  il obligi sa circule cu autobuzul 28 la ora 8 dimineața pe ruta Galata - Podu Roș.
Dacă vrei  să îți bați oricum joc de cineva, îl obligi să aștepte un autobuz pe ruta Mircea cel Bătrân- Galata - Gara Internațională  Nicolina ..Podu Roș.",Podu Roș,podu ros,"23,132,134,149,185,186,300,328,733,784",podu ros,47.150660974,27.587487726
136,facebook,https://www.facebook.com/ctpiasi?locale=ro_RO,,"Nu este prima data cand, pe traseul 36, astepti in statia Viticola 25-30 minute un autobuz si imediat dupa primul autobuz, vine alt 36. Eu stiam ca autobuzele ar trebui sa aiba program diferit astfel incat, daca ai ratat un autobuz (pt ca oricum programul nu se respecta absolut deloc), macar sa prinzi altul la 10-15 minute diferenta. Nu e prima data cand sunt pusa in situatia de a alege in care autobuz sa intru, din moment ce vin unul dupa altul. Soferii sunt asa prieteni de nedespartit incat nu se pot desparti macar cand parcurg ruta? Ori unul dintre ei ii da blanao prin oras, iar celalalt nu scoate autobuzul din 20km/h? Pai nu va mai mirati ca oamenii isi cumpără “tigăile” alea de care se plange toata lumea. Intr-un oras universitar, sa fac acumulat 50-60 minute ca sa ajung la munca cu autobuzul, mai degraba las masina pe liber pe Copou, ies mai ieftin.",Copou,copou,"1,35,333",copou,47.190590990000004,27.558920473333334
142,facebook,https://www.facebook.com/ctpiasi?locale=ro_RO,,"Sa faci 2 ore din Mircea pana in Pacurari, e putin spus bataie de joc...Plus autobuze ce vin arhipline in 40-50 min...",Pacurari,pacurari,"36,73",pacurari,47.17300169,27.53369472
144,facebook,https://www.facebook.com/ctpiasi?locale=ro_RO,,"Dispecerii de la capat Bucium nu isi fac treaba. Autobuzele nu respecta niciun program, ori pleaca la distanta de jumatate de ora, ori la distanta de 5 minute. Se ajunge in situatii in care ori nu e niciun autobuz la capat, ori sunt prea multe. In dimineata asta  sunt 4 de 46 si 2 de 30 numai in Bucium. Asa se ajunge sa stai in statii sa astepti cu zecile de minute.",Bucium,bucium,"111,112",bucium,47.116692535,27.63202595
152,facebook,https://www.facebook.com/ctpiasi?locale=ro_RO,,"Seara dupa 22:30 sa nu cumva sa crezi ca mai prinzi vreun autobuz pe rutele 19 sau 30 de la gara spre Podu Ros. Trec toate pe langa tine “curse speciale”, se grabesc sa se duca la garaj. Chiar nu pot lua pasageri, nu? Doar e in drum. Din an in pasti mai e cate un sofer care e ok si face exceptie (in general pe ruta 30b), dar restul, nu se poate, dom’le.",Gară,gara,"87,99,124,207,423,424,440",gara,47.16611053142857,27.570625174285713
152,facebook,https://www.facebook.com/ctpiasi?locale=ro_RO,,"Seara dupa 22:30 sa nu cumva sa crezi ca mai prinzi vreun autobuz pe rutele 19 sau 30 de la gara spre Podu Ros. Trec toate pe langa tine “curse speciale”, se grabesc sa se duca la garaj. Chiar nu pot lua pasageri, nu? Doar e in drum. Din an in pasti mai e cate un sofer care e ok si face exceptie (in general pe ruta 30b), dar restul, nu se poate, dom’le.",Garaj,garaj,"480,481",garaj,47.15224,27.603035
152,facebook,https://www.facebook.com/ctpiasi?locale=ro_RO,,"Seara dupa 22:30 sa nu cumva sa crezi ca mai prinzi vreun autobuz pe rutele 19 sau 30 de la gara spre Podu Ros. Trec toate pe langa tine “curse speciale”, se grabesc sa se duca la garaj. Chiar nu pot lua pasageri, nu? Doar e in drum. Din an in pasti mai e cate un sofer care e ok si face exceptie (in general pe ruta 30b), dar restul, nu se poate, dom’le.",Podu Roș,podu ros,"23,132,134,149,185,186,300,328,733,784",podu ros,47.150660974,27.587487726
154,facebook,https://www.facebook.com/ctpiasi?locale=ro_RO,,"Am stat in aceasta dimineata,la capat Dacia un sfert de ora asteptand autopbuzul 5 si nu e prima data.Unde sunt afisate graficul plecarilor ,poate asa nu mai intarzii la servici din cauza voastra.",Dacia,dacia,"173,174,373,378",dacia,47.16890868,27.54085445
156,facebook,https://www.facebook.com/ctpiasi?locale=ro_RO,,"Cu autobuzul 27 aveti o serioasa problema. Pe Moovit scrie ca vine in 20 de min. In realitate, el vine la 20-40 de min chiar. Azi am asteptat 42 de minute in soare la frigorifer. Alteori mai mult. Si nu sunt singura care se plange, am auzit ca s-au mai facut reclamatii.
Rezolvati problema !",Frigorifer,frigorifer,"49,59,314",frigorifer,47.141729983333335,27.599871216666667
159,facebook,https://www.facebook.com/ctpiasi?locale=ro_RO,,"Am avut astăzi, 13 iulie 2019, parte de o experiență cel puțin nefastă cu această companie. În jurul orei 17:45 am vrut să cobor din tramvaiul 3 în stația de la Filarmonică, și fiind foarte ocupate ușile de pe mijloc, m-am îndreptat spre ușa din față. Deși am apăsat de nenumărate ori pe buton pentru a le deschide și am apelat și la ajutorului vatmanului, ușile au rămas închise, fiind nevoită să cobor la următoarea stație, ba mai mult am fost si jignită de vatman. Voi atașa fotografii cu tramvaiul cu pricina și cu 'vatmanul' pentru a lua măsuri în acest caz. Nu este normal ca o persoană care plătește bilet pentru un serviciu să fie umilită de un personal de etnie care nici nu știe să articuleze bine câteva vorbe în română. Am rămas profund dezamăgită si dacă nu se vor lua măsuri, voi apela cu încredere la autoritățile care se ocupă cu astfel de spețe. nu este normal ca un astfel de personaj să își bată joc de cei ce îi pun pâinea pe masă.",Filarmonică,filarmonica,"8,28",filarmonica,47.164122585,27.585555785
161,facebook,https://www.facebook.com/ctpiasi?locale=ro_RO,,"De ce nu pot beneficia de reducere dacă nu am carnet de student, dar în schimb am legitimația? 
""Doar cu carnet aveți reducere!""  acest răspuns L-am primit la casa de bilete din stația Octav Bancila",Octav Bancilă,octav bancila,"97,126,157,158",octav bancila,47.17123563,27.560936265000002
168,facebook,https://www.facebook.com/ctpiasi?locale=ro_RO,,"Bă! Cum morții mei!!??? Stau jumătăți de ore, 40 de minute, ca să văd cum trec pe lângă mine vreo 4 de 20, 4 de 28, 3 de 42, 4 de 43.. Iar 46, nimic!! Plătesc abonament ca să vă stau eu în picioare pișa-m-as pe compania voastră! Lăsați babele care merg până-n Dacia și băgați dracului autobuze pe Bucium!!",Bucium,bucium,"111,112",bucium,47.116692535,27.63202595
168,facebook,https://www.facebook.com/ctpiasi?locale=ro_RO,,"Bă! Cum morții mei!!??? Stau jumătăți de ore, 40 de minute, ca să văd cum trec pe lângă mine vreo 4 de 20, 4 de 28, 3 de 42, 4 de 43.. Iar 46, nimic!! Plătesc abonament ca să vă stau eu în picioare pișa-m-as pe compania voastră! Lăsați babele care merg până-n Dacia și băgați dracului autobuze pe Bucium!!",Dacia,dacia,"173,174,373,378",dacia,47.16890868,27.54085445
171,facebook,https://www.facebook.com/ctpiasi?locale=ro_RO,,"22 Mai, ora 9:40,autobuz 52
Era loc in autobuz pentru toată lumea însă șoferul ""Haideți mai repede că ne trece viața"" și voia să închidă bineînteles ușa înainte ca oamenii să urce (stație Minerva). În plus, în stația Zimbru soferul pornește autobuzul când lumea urca :) Daca vi se pare normal, nu pot spune decât felicitări CTP Iași !!!",Minerva,minerva,"169,177,398",minerva,47.16326910666667,27.56448985333333
171,facebook,https://www.facebook.com/ctpiasi?locale=ro_RO,,"22 Mai, ora 9:40,autobuz 52
Era loc in autobuz pentru toată lumea însă șoferul ""Haideți mai repede că ne trece viața"" și voia să închidă bineînteles ușa înainte ca oamenii să urce (stație Minerva). În plus, în stația Zimbru soferul pornește autobuzul când lumea urca :) Daca vi se pare normal, nu pot spune decât felicitări CTP Iași !!!",Zimbru,zimbru,"170,176,240,396,397",zimbru,47.166690292,27.556726568
174,facebook,https://www.facebook.com/ctpiasi?locale=ro_RO,,"Poate cu atâtea feedback-uri negative legate de intervalul prost al autobuzelor(în special cele de pe traseul 44) veți încerca și voi sa remediați ceva. Pe lângă faptul ca toate rablele de autobuze circulă pe acest traseu, ca miroase de la o poștă a motorină /benzină când urci în ele mai stai și câte 40 minute dimineața în stație la Vama 2 poate, poate vine ceva. Sa îți treacă prin stație un autobuz prin stație la 8 fix și apoi următorul sa vina la 08:40 mi se pare inadmisibil, în condițiile în care raportați 15-20 minute interval de circulație( în orele de vârf). Unul dintre cele mai proaste trasee și mai rău că nu faceți nimic. Luați-o mai degrabă ca pe o reclamație, ca de feedback-uri probabil sunteți sufocați.",Vamă,vama,"326,327,406",vama,47.147321680000005,27.58182795
174,facebook,https://www.facebook.com/ctpiasi?locale=ro_RO,,"Poate cu atâtea feedback-uri negative legate de intervalul prost al autobuzelor(în special cele de pe traseul 44) veți încerca și voi sa remediați ceva. Pe lângă faptul ca toate rablele de autobuze circulă pe acest traseu, ca miroase de la o poștă a motorină /benzină când urci în ele mai stai și câte 40 minute dimineața în stație la Vama 2 poate, poate vine ceva. Sa îți treacă prin stație un autobuz prin stație la 8 fix și apoi următorul sa vina la 08:40 mi se pare inadmisibil, în condițiile în care raportați 15-20 minute interval de circulație( în orele de vârf). Unul dintre cele mai proaste trasee și mai rău că nu faceți nimic. Luați-o mai degrabă ca pe o reclamație, ca de feedback-uri probabil sunteți sufocați.",Vama II,vama ii,"263,264",vama,47.119375835,27.564370855
183,facebook,https://www.facebook.com/ctpiasi?locale=ro_RO,,"Bună seara. Șoferul de pe linia 28 cursa luată la ora 19:20 de pe bulevardul independentei cu destinația pasaj nicolina , nefiind atent la drum a pus frână brusca iar o persoana care stătea pe locurile din spate a sărit de pe scaun lovindu-se. Nu e normal așa ceva. Rușine șoferului😠😠😠😠",Pasaj Nicolina,pasaj nicolina,"162,184,345,346",pasaj nicolina,47.1446853475,27.58262475
185,facebook,https://www.facebook.com/ctpiasi?locale=ro_RO,,"Azi 27.02 , ora 13.35, autobuzul 1983 , pe ruta 28, trece prin două semafoare roșii , pe strada Palat spre Podu Roș.  Ce recomandări s-ar mai cuveni ?",Podu Roș,podu ros,"23,132,134,149,185,186,300,328,733,784",podu ros,47.150660974,27.587487726
186,facebook,https://www.facebook.com/ctpiasi?locale=ro_RO,,"Este inadmisibil sa stai 35 de minute in statie la Sere Ciurea sa vezi cum trec 3 de 27 si 2 de 44 iar 41 deloc. Răspunsul doamnei de centrală este ""traficul aglomerat""!!",Sere Ciurea,sere ciurea,"218,225",sere ciurea,47.105239784999995,27.559674379999997
233,google_maps,CTP Iasi - Headquarters,1.0,"Nu mi se pare normal ca in statia Columnei timpul de asteptare sa fie mai mult de 30 de minute, in special pentru un autobuz ca 36, care duce in centru. Nu venea nici tramvaiul 6.",Columnei,columnei,"172,213,392,393",columnei,47.166712745,27.544505855
237,google_maps,CTP Iasi - Headquarters,1.0,Stai o oră după un tramvai și când vine se duce la depou...,Depou D,depou d,482,depou,47.17102,27.53593
237,google_maps,CTP Iasi - Headquarters,1.0,Stai o oră după un tramvai și când vine se duce la depou...,Depou G,depou g,483,depou,47.16406,27.57268
241,google_maps,CTP Iasi - Headquarters,2.0,"Tramvaiele iesite din depou la prima ora, sunt murdare de glod, au un miros de putregai, nu sunt aerisite, vatman care este prea obosit sa conduca dimineata, iar ochii ii are in telefon in timp ce conduce pana la destinatie. Panouri cu trasee care nu sunt functionale, care nu arata realitatea. Poate pana data viitoare va voi da un maxim de stele, progres doresc, nu regres. Succes la combaterea problemelor sesizate.",Depou D,depou d,482,depou,47.17102,27.53593
241,google_maps,CTP Iasi - Headquarters,2.0,"Tramvaiele iesite din depou la prima ora, sunt murdare de glod, au un miros de putregai, nu sunt aerisite, vatman care este prea obosit sa conduca dimineata, iar ochii ii are in telefon in timp ce conduce pana la destinatie. Panouri cu trasee care nu sunt functionale, care nu arata realitatea. Poate pana data viitoare va voi da un maxim de stele, progres doresc, nu regres. Succes la combaterea problemelor sesizate.",Depou G,depou g,483,depou,47.16406,27.57268
253,google_maps,CTP Iasi - Headquarters,1.0,Ar trebui să faceți ceva să vină autobuzele la timp!Să stai 40 de minute dimineața să ajungi în Bucium și niciun autobuz?Jalnic!,Bucium,bucium,"111,112",bucium,47.116692535,27.63202595
263,google_maps,CTP Iasi - Headquarters,1.0,Am stat 2 zile la rand mai mult de 30 de minute la Metro pana a venit un autobuz 20. Dupa ora 17:00,METRO,metro,"375,376",metro,47.181225940000004,27.46895045
264,google_maps,CTP Iasi - Headquarters,1.0,Nu se mai dezinfecteaza autobuzele de pe traseul dancu tatarasi .iar soferii raspund cu impertinenta cand sunt intrebati de ce dau voie tiganilor si copiilor lor in autobuz fara masca si bilet .RUSINE si INCONSTIENTA .Data viitoare sun la 112.,Dancu,dancu,"74,374",dancu,47.151855,27.65954
284,google_maps,CTP Iasi - Headquarters,4.0,Locul de unde incepe miscarea in oras.Se poate vizita si muzeul transportului in Tudor Vladimirescu.,Tudor Vladimirescu,tudor vladimirescu,"45,63,421,422",tudor vladimirescu,47.156552500000004,27.6034075
289,google_maps,CTP Iasi - Headquarters,1.0,Sa stai 25 minute in Bucium sa sa astepti un amarat de autobuz sa te duca la serviciu....jenant pt CTP....RUSINE!!!,Bucium,bucium,"111,112",bucium,47.116692535,27.63202595
292,google_maps,CTP Iasi - Headquarters,1.0,"15.07.2019 ora 15.15 in statia Bazar cea după Selgros nu a oprit autobuzul 43 C..nu a apucat să văd nr.că avea și vitezä..se grăbea la cafea..nesimţitul de șofer!
Specific că eram două persoane în staţie!",Bazar,bazar,"103,120",bazar,47.134054590000005,27.58044599
293,google_maps,CTP Iasi - Headquarters,1.0,Automatul de bilete din tg cucu da numai un bilet atunci cand platesti pentru 2. Aveti de gand sa faceti ceva ?,Tg. Cucu,tg cucu,"9,27,66,331,391",tg cucu,47.164581742,27.590399838000003
313,google_maps,Regia Autonomă De Transport Public Iaşi,1.0,"Stau de peste 30 de minute în stația Metalurgie, așteptând tramvaiul 13. Pe afișaj apare în mod repetat că va sosi „într-un minut” sau „în 10 minute”, însă  tramvaiul nu a venit deloc.
A trecut un 11 atât de aglomerat încât nu s-a putut urca nimeni — oamenii stăteau pe scări și se sprijineau de geamuri.

Este ora 07:50, iar în stație sunt peste 40 de persoane care încearcă să ajungă la muncă, la universitate sau la școală.
Situația aceasta, care se întâmplă frecvent, arată o lipsă de respect grosolana pentru serviciile de nimic oferite.",Universitate,universitate,"5,31",universitate,47.17517829,27.57191998
320,google_maps,Regia Autonomă De Transport Public Iaşi,1.0,Aglomerate...19 pe Canta abia vine,Canta,canta,"94,129,324,325",canta,47.17241716,27.53722459
